{
    "$schema": "http://schema.management.azure.com/schemas/2015-01-01/deploymentParameters.json#",
    "contentVersion": "1.0.0.0",
    "parameters": {
        "vmName": {
            "value": "sjvsVMWindowsVM"
        },
        "modulesUrl": {
            "value": "https://github.com/Azure/azure-quickstart-templates/raw/master/dsc-extension-azure-automation-pullserver/UpdateLCMforAAPull.zip"
        },
        "configurationFunction": {
            "value": "UpdateLCMforAAPull.ps1\\ConfigureLCMforAAPull"
        },
        "registrationKey": {
            "value": "UJBmVnESHky2oYQ+mPHGuDcM3A0mcPkKp5C/GX/bALolWsSmKvnEwJ9ZCykLr24M64HA2l8G8tggQq50jeq5KQ=="
        },
        "registrationUrl": {
            "value": "https://scus-agentservice-prod-1.azure-automation.net/accounts/9e2f999f-f582-4537-9e0a-7b442d7fe9b8"
        },
      "nodeConfigurationName": {
        "value": "FileServer.Shared"
      },
        "configurationMode": {
            "value": "ApplyAndMonitor"
        },
        "configurationModeFrequencyMins": {
            "value": 15
        },
        "refreshFrequencyMins": {
            "value": 30
        },
        "rebootNodeIfNeeded": {
            "value": true
        },
        "actionAfterReboot": {
            "value": "ContinueConfiguration"
        },
        "allowModuleOverwrite": {
            "value": false
        },
        "timestamp": {
            "value": "MM/dd/yyyy H:mm:ss tt"
        }
    }
}
